{"element_annos":[{"index":31, "name":"1693314448.1", "rawdata_annos":[{"name":"1693314448.1/lidar.pcd", "objects":[], "attrs":[], "segmentation":null, "orig_name":""}, {"name":"1693314448.1/back.jpg", "objects":[], "attrs":[], "segmentation":null, "orig_name":""}, {"name":"1693314448.1/front.jpg", "objects":[], "attrs":[], "segmentation":null, "orig_name":""}, {"name":"1693314448.1/left_back.jpg", "objects":[], "attrs":[], "segmentation":null, "orig_name":""}, {"name":"1693314448.1/left_front.jpg", "objects":[], "attrs":[], "segmentation":null, "orig_name":""}, {"name":"1693314448.1/right_back.jpg", "objects":[], "attrs":[], "segmentation":null, "orig_name":""}, {"name":"1693314448.1/right_front.jpg", "objects":[], "attrs":[], "segmentation":null, "orig_name":""}], "attrs":[], "ins_cnt":0, "metadata":{"executors":[{"user":{"uid":"by3kmgi5u6w", "name":"杨世龙", "avatar":""}, "submit_at":"2024-02-07T01:36:21.124289Z", "phase":1}]}}]}