{
    "lidar": [
        {
            "class": "car",
            "attrs": {
                "car_type": [
                    "civil"
                ],
                "occluded": [
                    "1"
                ],
                "whether_to_adjust": [
                    "unadjusted"
                ],
                "direction": [
                    "1"
                ]
            },
            "id": "y4u-1",
            "track_id": 1,
            "point_num": 4526,
            "no_maps": [],
            "group_id": 0,
            "annotation": {
                "type": "volume",
                "data": {
                    "position": {
                        "x": 1.6868908751601175,
                        "y": 5.990337517504243,
                        "z": -1.0948091380161777
                    },
                    "dimension": {
                        "l": 4.56223617708568,
                        "w": 2,
                        "h": 1.4770483906314005
                    },
                    "rotation": {
                        "x": 0,
                        "y": 0,
                        "z": 0.31323820455140555
                    }
                }
            }
        },
        {
            "class": "car",
            "attrs": {
                "car_type": [
                    "civil"
                ],
                "occluded": [
                    "1"
                ],
                "whether_to_adjust": [
                    "unadjusted"
                ],
                "direction": [
                    "1"
                ]
            },
            "id": "y4u-2",
            "track_id": 2,
            "point_num": 1620,
            "no_maps": [],
            "group_id": 0,
            "annotation": {
                "type": "volume",
                "data": {
                    "position": {
                        "x": 15.83887450311365,
                        "y": 10.293765230402082,
                        "z": -1.1542625868041003
                    },
                    "dimension": {
                        "l": 4.5,
                        "w": 1.8918930053710954,
                        "h": 1.5
                    },
                    "rotation": {
                        "x": 0,
                        "y": 0,
                        "z": 0.316041993904134
                    }
                }
            }
        },
        {
            "class": "car",
            "attrs": {
                "car_type": [
                    "civil"
                ],
                "occluded": [
                    "1"
                ],
                "whether_to_adjust": [
                    "adjusted_true"
                ],
                "direction": [
                    "1"
                ]
            },
            "id": "y4u-3",
            "track_id": 3,
            "point_num": 304,
            "no_maps": [],
            "group_id": 0,
            "annotation": {
                "type": "volume",
                "data": {
                    "position": {
                        "x": 23.04420510729494,
                        "y": -10.50483397379212,
                        "z": -1.2316925551299416
                    },
                    "dimension": {
                        "l": 4.5,
                        "w": 2,
                        "h": 1.4079108283534172
                    },
                    "rotation": {
                        "x": -0.0013559544868752954,
                        "y": -0.0002623189125812172,
                        "z": 1.7618925992691776
                    }
                }
            }
        },
        {
            "class": "motorcycle",
            "attrs": {
                "Is_there_anyone_present": [
                    "unmanned"
                ],
                "occluded": [
                    "1"
                ],
                "whether_to_adjust": [
                    "adjusted_true"
                ],
                "direction": [
                    "1"
                ]
            },
            "id": "y4u-4",
            "track_id": 4,
            "point_num": 548,
            "no_maps": [],
            "group_id": 0,
            "annotation": {
                "type": "volume",
                "data": {
                    "position": {
                        "x": 14.142608800629334,
                        "y": -11.56910886891863,
                        "z": -1.1078294377507967
                    },
                    "dimension": {
                        "l": 1.9698032379150399,
                        "w": 1.1363374498155387,
                        "h": 1.6628514227125815
                    },
                    "rotation": {
                        "x": -0.0051483268718482906,
                        "y": 0.00877110350406853,
                        "z": -1.0400073995282317
                    }
                }
            }
        },
        {
            "class": "car",
            "attrs": {
                "car_type": [
                    "civil"
                ],
                "occluded": [
                    "1"
                ],
                "whether_to_adjust": [
                    "adjusted_true"
                ],
                "direction": [
                    "1"
                ]
            },
            "id": "y4u-5",
            "track_id": 5,
            "point_num": 2339,
            "no_maps": [],
            "group_id": 0,
            "annotation": {
                "type": "volume",
                "data": {
                    "position": {
                        "x": 18.22938990346827,
                        "y": -6.131298474532162,
                        "z": -1.264686308749597
                    },
                    "dimension": {
                        "l": 4.522977180214714,
                        "w": 2,
                        "h": 1.5011207270398759
                    },
                    "rotation": {
                        "x": -0.0013559544868752948,
                        "y": -0.0002623189125812176,
                        "z": 1.8946424794602705
                    }
                }
            }
        },
        {
            "class": "motorcycle",
            "attrs": {
                "Is_there_anyone_present": [
                    "unmanned"
                ],
                "occluded": [
                    "1"
                ],
                "whether_to_adjust": [
                    "adjusted_true"
                ],
                "direction": [
                    "1"
                ]
            },
            "id": "y4u-6",
            "track_id": 6,
            "point_num": 890,
            "no_maps": [],
            "group_id": 0,
            "annotation": {
                "type": "volume",
                "data": {
                    "position": {
                        "x": 16.76195831232165,
                        "y": 0.008271226874960383,
                        "z": -1.154652551742744
                    },
                    "dimension": {
                        "l": 2.119129321030309,
                        "w": 1.0741408831345138,
                        "h": 1.6628514227125815
                    },
                    "rotation": {
                        "x": -0.00514832687184829,
                        "y": 0.008771103504068527,
                        "z": 2.101585254061561
                    }
                }
            }
        },
        {
            "class": "motorcycle",
            "attrs": {
                "Is_there_anyone_present": [
                    "unmanned"
                ],
                "occluded": [
                    "1"
                ],
                "whether_to_adjust": [
                    "adjusted_true"
                ],
                "direction": [
                    "1"
                ]
            },
            "id": "y4u-7",
            "track_id": 7,
            "point_num": 777,
            "no_maps": [],
            "group_id": 0,
            "annotation": {
                "type": "volume",
                "data": {
                    "position": {
                        "x": 7.569471932416446,
                        "y": -7.18792629574009,
                        "z": -1.2058915127940588
                    },
                    "dimension": {
                        "l": 1.8579266996616268,
                        "w": 0.9573287687678237,
                        "h": 1.5580328682340958
                    },
                    "rotation": {
                        "x": -0.005148326871848293,
                        "y": 0.008771103504068532,
                        "z": 1.7642192895027822
                    }
                }
            }
        },
        {
            "class": "motorcycle",
            "attrs": {
                "Is_there_anyone_present": [
                    "unmanned"
                ],
                "occluded": [
                    "1"
                ],
                "whether_to_adjust": [
                    "adjusted_true"
                ],
                "direction": [
                    "1"
                ]
            },
            "id": "y4u-8",
            "track_id": 8,
            "point_num": 663,
            "no_maps": [],
            "group_id": 0,
            "annotation": {
                "type": "volume",
                "data": {
                    "position": {
                        "x": 7.530921859577363,
                        "y": -4.499768756473165,
                        "z": -1.240882242718889
                    },
                    "dimension": {
                        "l": 1.7774588003782934,
                        "w": 0.9144881016565705,
                        "h": 1.5077558832960318
                    },
                    "rotation": {
                        "x": -0.0001573343319114876,
                        "y": -0.022684911427632508,
                        "z": 0.15737437667232074
                    }
                }
            }
        },
        {
            "class": "suv",
            "attrs": {
                "occluded": [
                    "1"
                ],
                "whether_to_adjust": [
                    "unadjusted"
                ],
                "direction": [
                    "1"
                ]
            },
            "id": "y4u-9",
            "track_id": 9,
            "point_num": 1541,
            "no_maps": [],
            "group_id": 0,
            "annotation": {
                "type": "volume",
                "data": {
                    "position": {
                        "x": 14.850622778798405,
                        "y": 17.16503964017016,
                        "z": -1.0409372983213683
                    },
                    "dimension": {
                        "l": 4.509301455346042,
                        "w": 2.0100574942160447,
                        "h": 1.8635628798962565
                    },
                    "rotation": {
                        "x": -0.02173405888687693,
                        "y": -0.007106411713401887,
                        "z": -2.7977619539944563
                    }
                }
            }
        },
        {
            "class": "car",
            "attrs": {
                "car_type": [
                    "civil"
                ],
                "occluded": [
                    "1"
                ],
                "whether_to_adjust": [
                    "unadjusted"
                ],
                "direction": [
                    "1"
                ]
            },
            "id": "y4u-10",
            "track_id": 10,
            "point_num": 1840,
            "no_maps": [],
            "group_id": 0,
            "annotation": {
                "type": "volume",
                "data": {
                    "position": {
                        "x": -16.763360341211055,
                        "y": -0.05392800029489579,
                        "z": -0.9775804708406151
                    },
                    "dimension": {
                        "l": 4.429933425095167,
                        "w": 2,
                        "h": 1.4770483906314005
                    },
                    "rotation": {
                        "x": 5.7616833773648e-05,
                        "y": -0.0001778837004829397,
                        "z": 0.3252863948508842
                    }
                }
            }
        },
        {
            "class": "car",
            "attrs": {
                "car_type": [
                    "civil"
                ],
                "occluded": [
                    "1"
                ],
                "whether_to_adjust": [
                    "unadjusted"
                ],
                "direction": [
                    "1"
                ]
            },
            "id": "y4u-11",
            "track_id": 11,
            "point_num": 2691,
            "no_maps": [],
            "group_id": 0,
            "annotation": {
                "type": "volume",
                "data": {
                    "position": {
                        "x": -12.57519076631017,
                        "y": -1.9265382831022104,
                        "z": -0.917679717479194
                    },
                    "dimension": {
                        "l": 4.429933425095167,
                        "w": 2.1057044135199665,
                        "h": 1.5916796653105494
                    },
                    "rotation": {
                        "x": 5.7616833773648e-05,
                        "y": -0.0001778837004829397,
                        "z": 0.3252863948508842
                    }
                }
            }
        },
        {
            "class": "car",
            "attrs": {
                "car_type": [
                    "civil"
                ],
                "occluded": [
                    "1"
                ],
                "whether_to_adjust": [
                    "unadjusted"
                ],
                "direction": [
                    "1"
                ]
            },
            "id": "y4u-12",
            "track_id": 12,
            "point_num": 1453,
            "no_maps": [],
            "group_id": 0,
            "annotation": {
                "type": "volume",
                "data": {
                    "position": {
                        "x": -22.062138621136043,
                        "y": 4.849161761668575,
                        "z": -1.0072508650441774
                    },
                    "dimension": {
                        "l": 4.429933425095167,
                        "w": 2,
                        "h": 1.5146752682381774
                    },
                    "rotation": {
                        "x": -0.01516781762120502,
                        "y": -0.005147658652581172,
                        "z": -2.8000052272104607
                    }
                }
            }
        }
    ],
    "camera": {
        "left_back": [
            {
                "class": "car",
                "attrs": {
                    "car_type": [
                        "civil"
                    ],
                    "occluded": [
                        "1"
                    ],
                    "whether_to_adjust": [
                        "unadjusted"
                    ],
                    "direction": [
                        "1"
                    ]
                },
                "id": "y4u-1-left_back",
                "is_add": 0,
                "is_edit": 0,
                "track_id": 1,
                "group_id": 0,
                "annotation": {
                    "type": "cuboid_2d",
                    "data": {
                        "back": [
                            {
                                "x": 1259.074247777789,
                                "y": 465.5725121634182
                            },
                            {
                                "x": 1316.406703069434,
                                "y": 529.6499829389725
                            },
                            {
                                "x": 1304.9656546691601,
                                "y": 825.9143107513648
                            },
                            {
                                "x": 1241.2463555892448,
                                "y": 911.4346636812822
                            }
                        ],
                        "front": [
                            {
                                "x": 2330.652451626321,
                                "y": 521.3041697424113
                            },
                            {
                                "x": 2072.263667407691,
                                "y": 561.538721299344
                            },
                            {
                                "x": 2059.463950461059,
                                "y": 836.3356868765513
                            },
                            {
                                "x": 2312.779046457772,
                                "y": 911.5644127443738
                            }
                        ]
                    }
                }
            },
            {
                "class": "car",
                "attrs": {
                    "car_type": [
                        "civil"
                    ],
                    "occluded": [
                        "1"
                    ],
                    "whether_to_adjust": [
                        "unadjusted"
                    ],
                    "direction": [
                        "1"
                    ]
                },
                "id": "y4u-10-left_back",
                "is_add": 0,
                "is_edit": 0,
                "track_id": 10,
                "group_id": 0,
                "annotation": {
                    "type": "cuboid_2d",
                    "data": {
                        "back": [
                            {
                                "x": -124.31194324096214,
                                "y": 553.7639592814213
                            },
                            {
                                "x": -28.945774568401134,
                                "y": 559.5921732330073
                            },
                            {
                                "x": -32.08231083311557,
                                "y": 650.5429634030354
                            },
                            {
                                "x": -127.5938929661479,
                                "y": 648.942285212502
                            }
                        ],
                        "front": [
                            {
                                "x": -69.97560527145288,
                                "y": 543.9395989396677
                            },
                            {
                                "x": 51.00462910310546,
                                "y": 552.202363797339
                            },
                            {
                                "x": 47.14966330523612,
                                "y": 664.4047418286523
                            },
                            {
                                "x": -74.0841321705011,
                                "y": 663.4249942525848
                            }
                        ]
                    }
                }
            },
            {
                "class": "car",
                "attrs": {
                    "car_type": [
                        "civil"
                    ],
                    "occluded": [
                        "1"
                    ],
                    "whether_to_adjust": [
                        "unadjusted"
                    ],
                    "direction": [
                        "1"
                    ]
                },
                "id": "y4u-12-left_back",
                "is_add": 0,
                "is_edit": 0,
                "track_id": 12,
                "group_id": 0,
                "annotation": {
                    "type": "cuboid_2d",
                    "data": {
                        "back": [
                            {
                                "x": 277.71372045801945,
                                "y": 578.40379706055
                            },
                            {
                                "x": 193.37467924898385,
                                "y": 571.1237647703264
                            },
                            {
                                "x": 189.35523072579497,
                                "y": 657.3511986997516
                            },
                            {
                                "x": 273.9984492774571,
                                "y": 659.570813881592
                            }
                        ],
                        "front": [
                            {
                                "x": 174.59826879869706,
                                "y": 579.396078779947
                            },
                            {
                                "x": 100.60207623500844,
                                "y": 573.4644182899091
                            },
                            {
                                "x": 97.13583339824993,
                                "y": 647.4662456594876
                            },
                            {
                                "x": 171.33888637486382,
                                "y": 649.973871408983
                            }
                        ]
                    }
                }
            }
        ],
        "left_front": [
            {
                "class": "car",
                "attrs": {
                    "car_type": [
                        "civil"
                    ],
                    "occluded": [
                        "1"
                    ],
                    "whether_to_adjust": [
                        "unadjusted"
                    ],
                    "direction": [
                        "1"
                    ]
                },
                "id": "y4u-1-left_front",
                "is_add": 0,
                "is_edit": 0,
                "track_id": 1,
                "group_id": 0,
                "annotation": {
                    "type": "cuboid_2d",
                    "data": {
                        "back": [
                            {
                                "x": -279.77638182299586,
                                "y": 456.5778308027036
                            },
                            {
                                "x": -261.1974424135775,
                                "y": 517.4930388994125
                            },
                            {
                                "x": -248.98594641286888,
                                "y": 874.7622902711707
                            },
                            {
                                "x": -249.87211920405014,
                                "y": 1010.8812401226267
                            }
                        ],
                        "front": [
                            {
                                "x": 733.8125305072355,
                                "y": 534.5302895808405
                            },
                            {
                                "x": 483.1968983109297,
                                "y": 550.1208626881074
                            },
                            {
                                "x": 484.36100000021605,
                                "y": 794.211576618058
                            },
                            {
                                "x": 733.4104931062117,
                                "y": 834.5377003354084
                            }
                        ]
                    }
                }
            },
            {
                "class": "car",
                "attrs": {
                    "car_type": [
                        "civil"
                    ],
                    "occluded": [
                        "1"
                    ],
                    "whether_to_adjust": [
                        "unadjusted"
                    ],
                    "direction": [
                        "1"
                    ]
                },
                "id": "y4u-2-left_front",
                "is_add": 0,
                "is_edit": 0,
                "track_id": 2,
                "group_id": 0,
                "annotation": {
                    "type": "cuboid_2d",
                    "data": {
                        "back": [
                            {
                                "x": 1261.0651959796608,
                                "y": 599.8302914572939
                            },
                            {
                                "x": 1124.835782104762,
                                "y": 599.3255358840511
                            },
                            {
                                "x": 1123.4016320308244,
                                "y": 710.461121899195
                            },
                            {
                                "x": 1259.26132072095,
                                "y": 715.5711721876611
                            }
                        ],
                        "front": [
                            {
                                "x": 1319.261739499491,
                                "y": 607.4542014012255
                            },
                            {
                                "x": 1211.9173068308437,
                                "y": 606.6419895674836
                            },
                            {
                                "x": 1210.7176960232837,
                                "y": 694.0415890196114
                            },
                            {
                                "x": 1317.8731158886521,
                                "y": 697.2725631507427
                            }
                        ]
                    }
                }
            },
            {
                "class": "motorcycle",
                "attrs": {
                    "Is_there_anyone_present": [
                        "unmanned"
                    ],
                    "occluded": [
                        "1"
                    ],
                    "whether_to_adjust": [
                        "adjusted_true"
                    ],
                    "direction": [
                        "1"
                    ]
                },
                "id": "y4u-6-left_front",
                "is_add": 0,
                "is_edit": 0,
                "track_id": 6,
                "group_id": 0,
                "annotation": {
                    "type": "cuboid_2d",
                    "data": {
                        "back": [
                            {
                                "x": 1956.958669928135,
                                "y": 607.4301103226793
                            },
                            {
                                "x": 1997.054335401152,
                                "y": 605.3103930484111
                            },
                            {
                                "x": 1993.9103843227394,
                                "y": 739.7033496449062
                            },
                            {
                                "x": 1954.1086802924688,
                                "y": 733.8163842974946
                            }
                        ],
                        "front": [
                            {
                                "x": 1842.9131891480604,
                                "y": 602.9724739546438
                            },
                            {
                                "x": 1880.8767845303498,
                                "y": 600.2569131880724
                            },
                            {
                                "x": 1877.6172343797646,
                                "y": 742.2252678510124
                            },
                            {
                                "x": 1839.991006696231,
                                "y": 735.5797190723833
                            }
                        ]
                    }
                }
            },
            {
                "class": "suv",
                "attrs": {
                    "occluded": [
                        "1"
                    ],
                    "whether_to_adjust": [
                        "unadjusted"
                    ],
                    "direction": [
                        "1"
                    ]
                },
                "id": "y4u-9-left_front",
                "is_add": 0,
                "is_edit": 0,
                "track_id": 9,
                "group_id": 0,
                "annotation": {
                    "type": "cuboid_2d",
                    "data": {
                        "back": [
                            {
                                "x": 896.5092818403231,
                                "y": 593.8991082014248
                            },
                            {
                                "x": 985.037330761962,
                                "y": 591.1486125187587
                            },
                            {
                                "x": 986.0096789054674,
                                "y": 685.2233490933751
                            },
                            {
                                "x": 897.4532822158267,
                                "y": 684.3658604632633
                            }
                        ],
                        "front": [
                            {
                                "x": 768.6515387566074,
                                "y": 586.369323796584
                            },
                            {
                                "x": 868.4811759907568,
                                "y": 582.2205066532484
                            },
                            {
                                "x": 869.675168747163,
                                "y": 696.3793027727697
                            },
                            {
                                "x": 769.7942422340225,
                                "y": 694.5054993781299
                            }
                        ]
                    }
                }
            }
        ],
        "front_120": [
            {
                "class": "car",
                "attrs": {
                    "car_type": [
                        "civil"
                    ],
                    "occluded": [
                        "1"
                    ],
                    "whether_to_adjust": [
                        "unadjusted"
                    ],
                    "direction": [
                        "1"
                    ]
                },
                "id": "y4u-2-front_120",
                "is_add": 0,
                "is_edit": 0,
                "track_id": 2,
                "group_id": 0,
                "annotation": {
                    "type": "cuboid_2d",
                    "data": {
                        "back": [
                            {
                                "x": 404.6972394653726,
                                "y": 512.2982829802268
                            },
                            {
                                "x": 301.9552700144508,
                                "y": 511.69058235068275
                            },
                            {
                                "x": 302.9265604380545,
                                "y": 605.9331127759026
                            },
                            {
                                "x": 405.38621886696615,
                                "y": 608.2944893403023
                            }
                        ],
                        "front": [
                            {
                                "x": 461.19820436912846,
                                "y": 513.3871150348401
                            },
                            {
                                "x": 377.6972826549013,
                                "y": 512.7842141102471
                            },
                            {
                                "x": 377.9531746269321,
                                "y": 586.4627794532736
                            },
                            {
                                "x": 461.2887479403701,
                                "y": 587.7713774358906
                            }
                        ]
                    }
                }
            },
            {
                "class": "car",
                "attrs": {
                    "car_type": [
                        "civil"
                    ],
                    "occluded": [
                        "1"
                    ],
                    "whether_to_adjust": [
                        "adjusted_true"
                    ],
                    "direction": [
                        "1"
                    ]
                },
                "id": "y4u-3-front_120",
                "is_add": 0,
                "is_edit": 0,
                "track_id": 3,
                "group_id": 0,
                "annotation": {
                    "type": "cuboid_2d",
                    "data": {
                        "back": [
                            {
                                "x": 1427.1014279588453,
                                "y": 532.3342304761362
                            },
                            {
                                "x": 1473.9607949484277,
                                "y": 533.5073659510265
                            },
                            {
                                "x": 1472.3943762430354,
                                "y": 589.2214209833335
                            },
                            {
                                "x": 1425.7393880716347,
                                "y": 584.500103264943
                            }
                        ],
                        "front": [
                            {
                                "x": 1289.855707685505,
                                "y": 530.1351822982568
                            },
                            {
                                "x": 1333.07549636552,
                                "y": 531.2246812415224
                            },
                            {
                                "x": 1331.5338293004465,
                                "y": 592.6324864834439
                            },
                            {
                                "x": 1288.5435465244684,
                                "y": 586.9548218956941
                            }
                        ]
                    }
                }
            },
            {
                "class": "motorcycle",
                "attrs": {
                    "Is_there_anyone_present": [
                        "unmanned"
                    ],
                    "occluded": [
                        "1"
                    ],
                    "whether_to_adjust": [
                        "adjusted_true"
                    ],
                    "direction": [
                        "1"
                    ]
                },
                "id": "y4u-4-front_120",
                "is_add": 0,
                "is_edit": 0,
                "track_id": 4,
                "group_id": 0,
                "annotation": {
                    "type": "cuboid_2d",
                    "data": {
                        "back": [
                            {
                                "x": 1652.9960065034393,
                                "y": 523.3832574960876
                            },
                            {
                                "x": 1594.2822399772388,
                                "y": 523.0782811565375
                            },
                            {
                                "x": 1591.47247471626,
                                "y": 623.479636974155
                            },
                            {
                                "x": 1649.8639669064391,
                                "y": 627.3418327185898
                            }
                        ],
                        "front": [
                            {
                                "x": 1681.9108694689246,
                                "y": 525.1818547067943
                            },
                            {
                                "x": 1628.8676326003551,
                                "y": 524.8316374256634
                            },
                            {
                                "x": 1626.3884685300468,
                                "y": 615.9304448776588
                            },
                            {
                                "x": 1679.1939296695914,
                                "y": 619.0512785518317
                            }
                        ]
                    }
                }
            },
            {
                "class": "car",
                "attrs": {
                    "car_type": [
                        "civil"
                    ],
                    "occluded": [
                        "1"
                    ],
                    "whether_to_adjust": [
                        "adjusted_true"
                    ],
                    "direction": [
                        "1"
                    ]
                },
                "id": "y4u-5-front_120",
                "is_add": 0,
                "is_edit": 0,
                "track_id": 5,
                "group_id": 0,
                "annotation": {
                    "type": "cuboid_2d",
                    "data": {
                        "back": [
                            {
                                "x": 1341.0406208730615,
                                "y": 530.7621536777347
                            },
                            {
                                "x": 1406.3266367817198,
                                "y": 532.2920568528792
                            },
                            {
                                "x": 1404.009908400723,
                                "y": 609.6174991440898
                            },
                            {
                                "x": 1339.1434266976726,
                                "y": 602.0432501490033
                            }
                        ],
                        "front": [
                            {
                                "x": 1159.755094830991,
                                "y": 528.177926673608
                            },
                            {
                                "x": 1219.5002326624005,
                                "y": 529.5999488087606
                            },
                            {
                                "x": 1217.3205360259808,
                                "y": 618.9914208214124
                            },
                            {
                                "x": 1158.05696130315,
                                "y": 608.8042898066036
                            }
                        ]
                    }
                }
            },
            {
                "class": "motorcycle",
                "attrs": {
                    "Is_there_anyone_present": [
                        "unmanned"
                    ],
                    "occluded": [
                        "1"
                    ],
                    "whether_to_adjust": [
                        "adjusted_true"
                    ],
                    "direction": [
                        "1"
                    ]
                },
                "id": "y4u-6-front_120",
                "is_add": 0,
                "is_edit": 0,
                "track_id": 6,
                "group_id": 0,
                "annotation": {
                    "type": "cuboid_2d",
                    "data": {
                        "back": [
                            {
                                "x": 998.0949857651295,
                                "y": 515.0409760383978
                            },
                            {
                                "x": 1032.9069860361362,
                                "y": 514.52389648245
                            },
                            {
                                "x": 1031.7645382807045,
                                "y": 614.4204206193875
                            },
                            {
                                "x": 997.1142870447188,
                                "y": 609.5770378390101
                            }
                        ],
                        "front": [
                            {
                                "x": 889.4445986546252,
                                "y": 513.0145252024901
                            },
                            {
                                "x": 919.9581153380807,
                                "y": 512.2617651084939
                            },
                            {
                                "x": 919.0954905846912,
                                "y": 619.5511557628975
                            },
                            {
                                "x": 888.7162022887446,
                                "y": 613.8559171981802
                            }
                        ]
                    }
                }
            },
            {
                "class": "motorcycle",
                "attrs": {
                    "Is_there_anyone_present": [
                        "unmanned"
                    ],
                    "occluded": [
                        "1"
                    ],
                    "whether_to_adjust": [
                        "adjusted_true"
                    ],
                    "direction": [
                        "1"
                    ]
                },
                "id": "y4u-7-front_120",
                "is_add": 0,
                "is_edit": 0,
                "track_id": 7,
                "group_id": 0,
                "annotation": {
                    "type": "cuboid_2d",
                    "data": {
                        "back": [
                            {
                                "x": 1743.8877271802899,
                                "y": 534.8117750040508
                            },
                            {
                                "x": 1813.7769652097022,
                                "y": 535.5778172491553
                            },
                            {
                                "x": 1804.6740545435773,
                                "y": 695.8882768813132
                            },
                            {
                                "x": 1736.170993497034,
                                "y": 685.5151343992399
                            }
                        ],
                        "front": [
                            {
                                "x": 1651.4557069041134,
                                "y": 532.9092015331876
                            },
                            {
                                "x": 1730.540199535644,
                                "y": 533.6318153256922
                            },
                            {
                                "x": 1719.4476758731348,
                                "y": 719.1430081471404
                            },
                            {
                                "x": 1642.5031279444784,
                                "y": 704.5880283372561
                            }
                        ]
                    }
                }
            },
            {
                "class": "motorcycle",
                "attrs": {
                    "Is_there_anyone_present": [
                        "unmanned"
                    ],
                    "occluded": [
                        "1"
                    ],
                    "whether_to_adjust": [
                        "adjusted_true"
                    ],
                    "direction": [
                        "1"
                    ]
                },
                "id": "y4u-8-front_120",
                "is_add": 0,
                "is_edit": 0,
                "track_id": 8,
                "group_id": 0,
                "annotation": {
                    "type": "cuboid_2d",
                    "data": {
                        "back": [
                            {
                                "x": 1647.686838302424,
                                "y": 541.9941869688911
                            },
                            {
                                "x": 1572.1327570920216,
                                "y": 541.3326254308935
                            },
                            {
                                "x": 1554.4220804653942,
                                "y": 755.1002563029369
                            },
                            {
                                "x": 1630.777583044649,
                                "y": 740.3008046323009
                            }
                        ],
                        "front": [
                            {
                                "x": 1504.9304834699929,
                                "y": 533.0199335915219
                            },
                            {
                                "x": 1428.5179424810435,
                                "y": 531.9096547848069
                            },
                            {
                                "x": 1418.0511404065985,
                                "y": 708.4644928074999
                            },
                            {
                                "x": 1494.280212891787,
                                "y": 700.2108592016439
                            }
                        ]
                    }
                }
            },
            {
                "class": "suv",
                "attrs": {
                    "occluded": [
                        "1"
                    ],
                    "whether_to_adjust": [
                        "unadjusted"
                    ],
                    "direction": [
                        "1"
                    ]
                },
                "id": "y4u-9-front_120",
                "is_add": 0,
                "is_edit": 0,
                "track_id": 9,
                "group_id": 0,
                "annotation": {
                    "type": "cuboid_2d",
                    "data": {
                        "back": [
                            {
                                "x": 144.21083854282153,
                                "y": 500.1865922760402
                            },
                            {
                                "x": 208.9523287668212,
                                "y": 498.0447361520808
                            },
                            {
                                "x": 210.60342840897988,
                                "y": 580.6793018845059
                            },
                            {
                                "x": 145.89125583529824,
                                "y": 580.9452790071753
                            }
                        ],
                        "front": [
                            {
                                "x": 48.334036519110214,
                                "y": 496.92514366981743
                            },
                            {
                                "x": 118.65396044668398,
                                "y": 493.9175130505603
                            },
                            {
                                "x": 121.0226911665128,
                                "y": 595.5402505281572
                            },
                            {
                                "x": 50.70193270600248,
                                "y": 595.0431436914816
                            }
                        ]
                    }
                }
            }
        ],
        "right_front": [
            {
                "class": "car",
                "attrs": {
                    "car_type": [
                        "civil"
                    ],
                    "occluded": [
                        "1"
                    ],
                    "whether_to_adjust": [
                        "adjusted_true"
                    ],
                    "direction": [
                        "1"
                    ]
                },
                "id": "y4u-3-right_front",
                "is_add": 0,
                "is_edit": 0,
                "track_id": 3,
                "group_id": 0,
                "annotation": {
                    "type": "cuboid_2d",
                    "data": {
                        "back": [
                            {
                                "x": 626.9223709474851,
                                "y": 597.7712356751788
                            },
                            {
                                "x": 683.523362165743,
                                "y": 595.9320492419704
                            },
                            {
                                "x": 684.7699573591852,
                                "y": 662.7781011673501
                            },
                            {
                                "x": 628.156067949466,
                                "y": 660.8079308271518
                            }
                        ],
                        "front": [
                            {
                                "x": 453.6161229728859,
                                "y": 600.5709397040843
                            },
                            {
                                "x": 502.90417250778887,
                                "y": 598.3888736167667
                            },
                            {
                                "x": 504.6519111764889,
                                "y": 674.2728321292336
                            },
                            {
                                "x": 455.28324823297146,
                                "y": 671.1841967485974
                            }
                        ]
                    }
                }
            },
            {
                "class": "motorcycle",
                "attrs": {
                    "Is_there_anyone_present": [
                        "unmanned"
                    ],
                    "occluded": [
                        "1"
                    ],
                    "whether_to_adjust": [
                        "adjusted_true"
                    ],
                    "direction": [
                        "1"
                    ]
                },
                "id": "y4u-4-right_front",
                "is_add": 0,
                "is_edit": 0,
                "track_id": 4,
                "group_id": 0,
                "annotation": {
                    "type": "cuboid_2d",
                    "data": {
                        "back": [
                            {
                                "x": 896.4051024154181,
                                "y": 566.6624956072473
                            },
                            {
                                "x": 819.5788315004548,
                                "y": 569.5734380958797
                            },
                            {
                                "x": 822.4965237134679,
                                "y": 689.1970635833311
                            },
                            {
                                "x": 899.2308325407366,
                                "y": 689.3280544514556
                            }
                        ],
                        "front": [
                            {
                                "x": 940.5083030653279,
                                "y": 570.2153199302113
                            },
                            {
                                "x": 870.5993921175134,
                                "y": 572.6046836365032
                            },
                            {
                                "x": 873.1084438152417,
                                "y": 679.8898122488661
                            },
                            {
                                "x": 942.9414116498567,
                                "y": 679.735984909506
                            }
                        ]
                    }
                }
            },
            {
                "class": "car",
                "attrs": {
                    "car_type": [
                        "civil"
                    ],
                    "occluded": [
                        "1"
                    ],
                    "whether_to_adjust": [
                        "adjusted_true"
                    ],
                    "direction": [
                        "1"
                    ]
                },
                "id": "y4u-5-right_front",
                "is_add": 0,
                "is_edit": 0,
                "track_id": 5,
                "group_id": 0,
                "annotation": {
                    "type": "cuboid_2d",
                    "data": {
                        "back": [
                            {
                                "x": 508.38740517916557,
                                "y": 595.8284710328361
                            },
                            {
                                "x": 585.5085942961759,
                                "y": 592.823876290037
                            },
                            {
                                "x": 587.6389671454274,
                                "y": 687.6582448077048
                            },
                            {
                                "x": 510.49020268562225,
                                "y": 684.0286398291444
                            }
                        ],
                        "front": [
                            {
                                "x": 281.7559852238295,
                                "y": 599.4791085338368
                            },
                            {
                                "x": 345.999565384569,
                                "y": 595.6381721667246
                            },
                            {
                                "x": 349.4496397787551,
                                "y": 709.4800401322366
                            },
                            {
                                "x": 284.9346912296023,
                                "y": 702.8027006215079
                            }
                        ]
                    }
                }
            },
            {
                "class": "motorcycle",
                "attrs": {
                    "Is_there_anyone_present": [
                        "unmanned"
                    ],
                    "occluded": [
                        "1"
                    ],
                    "whether_to_adjust": [
                        "adjusted_true"
                    ],
                    "direction": [
                        "1"
                    ]
                },
                "id": "y4u-6-right_front",
                "is_add": 0,
                "is_edit": 0,
                "track_id": 6,
                "group_id": 0,
                "annotation": {
                    "type": "cuboid_2d",
                    "data": {
                        "back": [
                            {
                                "x": 91.89937729780581,
                                "y": 590.1048457967637
                            },
                            {
                                "x": 127.14546473829341,
                                "y": 586.1254006278152
                            },
                            {
                                "x": 131.80580892205035,
                                "y": 717.0132626701779
                            },
                            {
                                "x": 96.3408378190453,
                                "y": 714.4395080547074
                            }
                        ],
                        "front": [
                            {
                                "x": -31.16612997332959,
                                "y": 592.0739948747698
                            },
                            {
                                "x": -2.9389569147299426,
                                "y": 587.6487392068697
                            },
                            {
                                "x": 2.5322108485057697,
                                "y": 730.7185061073706
                            },
                            {
                                "x": -26.026807270384438,
                                "y": 726.940169154235
                            }
                        ]
                    }
                }
            },
            {
                "class": "motorcycle",
                "attrs": {
                    "Is_there_anyone_present": [
                        "unmanned"
                    ],
                    "occluded": [
                        "1"
                    ],
                    "whether_to_adjust": [
                        "adjusted_true"
                    ],
                    "direction": [
                        "1"
                    ]
                },
                "id": "y4u-7-right_front",
                "is_add": 0,
                "is_edit": 0,
                "track_id": 7,
                "group_id": 0,
                "annotation": {
                    "type": "cuboid_2d",
                    "data": {
                        "back": [
                            {
                                "x": 995.5516890261016,
                                "y": 561.6533539107129
                            },
                            {
                                "x": 1092.5419512247022,
                                "y": 557.2058331929022
                            },
                            {
                                "x": 1095.8469670818286,
                                "y": 747.5888162041072
                            },
                            {
                                "x": 999.2902885697374,
                                "y": 742.0985038640468
                            }
                        ],
                        "front": [
                            {
                                "x": 852.4949405935906,
                                "y": 556.9327453163739
                            },
                            {
                                "x": 958.2291920438574,
                                "y": 550.4807621399409
                            },
                            {
                                "x": 963.2263314541652,
                                "y": 778.1924328289139
                            },
                            {
                                "x": 857.9772366184699,
                                "y": 768.8310749065814
                            }
                        ]
                    }
                }
            },
            {
                "class": "motorcycle",
                "attrs": {
                    "Is_there_anyone_present": [
                        "unmanned"
                    ],
                    "occluded": [
                        "1"
                    ],
                    "whether_to_adjust": [
                        "adjusted_true"
                    ],
                    "direction": [
                        "1"
                    ]
                },
                "id": "y4u-8-right_front",
                "is_add": 0,
                "is_edit": 0,
                "track_id": 8,
                "group_id": 0,
                "annotation": {
                    "type": "cuboid_2d",
                    "data": {
                        "back": [
                            {
                                "x": 826.2157294297324,
                                "y": 557.8871305576337
                            },
                            {
                                "x": 707.4213408883214,
                                "y": 555.4955299248081
                            },
                            {
                                "x": 711.6130759218514,
                                "y": 831.827353352348
                            },
                            {
                                "x": 827.6881948927578,
                                "y": 808.8119359417753
                            }
                        ],
                        "front": [
                            {
                                "x": 648.9428457490068,
                                "y": 563.0137370642317
                            },
                            {
                                "x": 539.8383499518807,
                                "y": 562.3944870342148
                            },
                            {
                                "x": 544.966039982178,
                                "y": 789.8635738404432
                            },
                            {
                                "x": 652.1121817467517,
                                "y": 774.966971545945
                            }
                        ]
                    }
                }
            }
        ],
        "back": [
            {
                "class": "car",
                "attrs": {
                    "car_type": [
                        "civil"
                    ],
                    "occluded": [
                        "1"
                    ],
                    "whether_to_adjust": [
                        "unadjusted"
                    ],
                    "direction": [
                        "1"
                    ]
                },
                "id": "y4u-10-back",
                "is_add": 0,
                "is_edit": 0,
                "track_id": 10,
                "group_id": 0,
                "annotation": {
                    "type": "cuboid_2d",
                    "data": {
                        "back": [
                            {
                                "x": 829.9766481609979,
                                "y": 515.6850321500156
                            },
                            {
                                "x": 1045.4344932289803,
                                "y": 513.4621221577945
                            },
                            {
                                "x": 1047.5056620474647,
                                "y": 676.340257548855
                            },
                            {
                                "x": 832.6518748281044,
                                "y": 683.8728960505663
                            }
                        ],
                        "front": [
                            {
                                "x": 983.1250956057115,
                                "y": 503.82468581152017
                            },
                            {
                                "x": 1256.517964387978,
                                "y": 503.2808012136644
                            },
                            {
                                "x": 1258.2983433235465,
                                "y": 714.753021092911
                            },
                            {
                                "x": 986.1430150987649,
                                "y": 727.3897521558068
                            }
                        ]
                    }
                }
            },
            {
                "class": "car",
                "attrs": {
                    "car_type": [
                        "civil"
                    ],
                    "occluded": [
                        "1"
                    ],
                    "whether_to_adjust": [
                        "unadjusted"
                    ],
                    "direction": [
                        "1"
                    ]
                },
                "id": "y4u-11-back",
                "is_add": 0,
                "is_edit": 0,
                "track_id": 11,
                "group_id": 0,
                "annotation": {
                    "type": "cuboid_2d",
                    "data": {
                        "back": [
                            {
                                "x": 493.8120410095435,
                                "y": 498.00266346875856
                            },
                            {
                                "x": 791.8731357335415,
                                "y": 492.29808158556875
                            },
                            {
                                "x": 795.680315699925,
                                "y": 719.9831126585735
                            },
                            {
                                "x": 498.85141141537423,
                                "y": 730.2534414423417
                            }
                        ],
                        "front": [
                            {
                                "x": 546.4616966193994,
                                "y": 470.1250716190466
                            },
                            {
                                "x": 984.9961458746956,
                                "y": 465.16953695279
                            },
                            {
                                "x": 989.4117112671516,
                                "y": 795.8920291821607
                            },
                            {
                                "x": 554.8211450137512,
                                "y": 815.6657434652209
                            }
                        ]
                    }
                }
            },
            {
                "class": "car",
                "attrs": {
                    "car_type": [
                        "civil"
                    ],
                    "occluded": [
                        "1"
                    ],
                    "whether_to_adjust": [
                        "unadjusted"
                    ],
                    "direction": [
                        "1"
                    ]
                },
                "id": "y4u-12-back",
                "is_add": 0,
                "is_edit": 0,
                "track_id": 12,
                "group_id": 0,
                "annotation": {
                    "type": "cuboid_2d",
                    "data": {
                        "back": [
                            {
                                "x": 1660.303947910771,
                                "y": 517.6540273354898
                            },
                            {
                                "x": 1507.559760372373,
                                "y": 512.2087205540026
                            },
                            {
                                "x": 1506.541023690179,
                                "y": 669.6683678087793
                            },
                            {
                                "x": 1659.2280728736523,
                                "y": 665.5269545218833
                            }
                        ],
                        "front": [
                            {
                                "x": 1441.434760716854,
                                "y": 520.0759892251119
                            },
                            {
                                "x": 1297.9543524958342,
                                "y": 516.8194091747255
                            },
                            {
                                "x": 1297.4166127803094,
                                "y": 647.9676717585135
                            },
                            {
                                "x": 1440.8086919194404,
                                "y": 645.6101932890241
                            }
                        ]
                    }
                }
            }
        ],
        "right_back": [
            {
                "class": "car",
                "attrs": {
                    "car_type": [
                        "civil"
                    ],
                    "occluded": [
                        "1"
                    ],
                    "whether_to_adjust": [
                        "unadjusted"
                    ],
                    "direction": [
                        "1"
                    ]
                },
                "id": "y4u-11-right_back",
                "is_add": 0,
                "is_edit": 0,
                "track_id": 11,
                "group_id": 0,
                "annotation": {
                    "type": "cuboid_2d",
                    "data": {
                        "back": [
                            {
                                "x": 1809.6628600555464,
                                "y": 544.0787548336168
                            },
                            {
                                "x": 1940.9620990392132,
                                "y": 541.7852763058575
                            },
                            {
                                "x": 1944.3674972342208,
                                "y": 663.8764745417136
                            },
                            {
                                "x": 1813.0518347488457,
                                "y": 666.4229598939602
                            }
                        ],
                        "front": [
                            {
                                "x": 1869.6548164618157,
                                "y": 517.7430258166164
                            },
                            {
                                "x": 2038.6575865782097,
                                "y": 516.1857092574207
                            },
                            {
                                "x": 2043.5051374953214,
                                "y": 683.1871436715942
                            },
                            {
                                "x": 1874.4924093900693,
                                "y": 687.1550355033829
                            }
                        ]
                    }
                }
            }
        ]
    },
    "label_meta": {
        "mark_status": 0,
        "global": {}
    }
}