{"element_annos":[{"index":38, "name":"1693314448.8", "rawdata_annos":[{"name":"1693314448.8/lidar.pcd", "objects":[], "attrs":[], "segmentation":null, "orig_name":""}, {"name":"1693314448.8/back.jpg", "objects":[], "attrs":[], "segmentation":null, "orig_name":""}, {"name":"1693314448.8/front.jpg", "objects":[], "attrs":[], "segmentation":null, "orig_name":""}, {"name":"1693314448.8/left_back.jpg", "objects":[], "attrs":[], "segmentation":null, "orig_name":""}, {"name":"1693314448.8/left_front.jpg", "objects":[], "attrs":[], "segmentation":null, "orig_name":""}, {"name":"1693314448.8/right_back.jpg", "objects":[], "attrs":[], "segmentation":null, "orig_name":""}, {"name":"1693314448.8/right_front.jpg", "objects":[], "attrs":[], "segmentation":null, "orig_name":""}], "attrs":[], "ins_cnt":0, "metadata":{"executors":[{"user":{"uid":"by3kmgi5u6w", "name":"杨世龙", "avatar":""}, "submit_at":"2024-02-07T01:36:21.124289Z", "phase":1}]}}]}