{
    "intrinsic": {
        "type_id": "opencv-matrix",
        "rows": 3,
        "cols": 3,
        "dt": "d",
        "data": [ 1.9621381349999999e+03, 0.0, 9.6278714400000001e+02,
            0.0, 1.9621381349999999e+03, 6.4735782900000004e+02, 0.0,
            0.0, 1.0 ]
    },
    "distCoeffs": {
        "type_id": "opencv-matrix",
        "rows": 8,
        "cols": 1,
        "dt": "d",
        "data": [ -5.0680499999999995e-01, 2.7776699999999999e-01,
            -7.9100000000000004e-04, -1.6300000000000000e-04,
            -1.0025199999999999e-01, 0.0, 0.0, 0.0]
    }
}
