{
    "intrinsic": {
        "type_id": "opencv-matrix",
        "rows": 3,
        "cols": 3,
        "dt": "d",
        "data": [ 9.54071792500000e+02, 0.0, 9.665703710000000e+02,
            0.0, 9.54071792500000e+02, 5.368799309999999e+02, 0.0,
            0.0, 1.0 ]
    },
    "distCoeffs": {
        "type_id": "opencv-matrix",
        "rows": 8,
        "cols": 1,
        "dt": "d",
        "data": [ 5.4447100000000004e-01, 3.0317000000000000e-02,
            -2.8000000000000000e-05, -5.0000000000000004e-06,
            -3.9599999999999998e-04, 9.0544999999999998e-01,
            1.4028700000000000e-01, 0.0 ]
    }
}
